<?xml version="1.0" encoding="UTF-8"?>
<beans:beans xmlns="http://www.springframework.org/schema/beans"
	xmlns:p="http://www.springframework.org/schema/p"
	xmlns:mvc="http://www.springframework.org/schema/mvc"
	xmlns:tx="http://www.springframework.org/schema/tx"
	xmlns:jpa="http://www.springframework.org/schema/data/jpa"
	xmlns:xsi="http://www.w3.org/2001/XMLSchema-instance"
	xmlns:beans="http://www.springframework.org/schema/beans"
	xmlns:context="http://www.springframework.org/schema/context"
	xmlns:cache="http://www.springframework.org/schema/cache"
	xmlns:tool="http://www.springframework.org/schema/tool"
	xmlns:xsd="http://www.w3.org/2001/XMLSchema"
	xsi:schemaLocation="http://www.springframework.org/schema/mvc http://www.springframework.org/schema/mvc/spring-mvc-4.0.xsd
		http://www.springframework.org/schema/beans http://www.springframework.org/schema/beans/spring-beans-4.0.xsd
		http://www.springframework.org/schema/context http://www.springframework.org/schema/context/spring-context-4.0.xsd
		http://www.springframework.org/schema/data/jpa 
		http://www.springframework.org/schema/data/jpa/spring-jpa-4.0.xsd
		http://www.springframework.org/schema/tx 
		http://www.springframework.org/schema/tx/spring-tx-4.0.xsd
		http://www.springframework.org/schema/cache 
		http://www.springframework.org/schema/cache/spring-cache.xsd">


	<context:component-scan base-package="pt.iconic.ipst" />

	<mvc:annotation-driven />

	<bean
		class="org.springframework.web.servlet.view.InternalResourceViewResolver">
		<property name="prefix" value="/WEB-INF/views/" />
		<property name="suffix" value=".jsp" />
	</bean>

	<bean id="sqldataSource" class="com.mchange.v2.c3p0.ComboPooledDataSource" destroy-method="close">
		<property name="driverClass" value="com.microsoft.sqlserver.jdbc.SQLServerDriver" />
		<beans:property name="jdbcUrl" value="jdbc:sqlserver://localhost:1433;databaseName=RPT2" /> <!-- IPST RPT2 -->
<!-- 		<beans:property name="jdbcUrl" value="jdbc:sqlserver://localhost:1433;databaseName=RPTProd" /> Produção -->
		<beans:property name="user" value="rpt" /> <!-- sqlipst rpt -->
		<beans:property name="password" value="rpt2016" /> <!-- ipstpass rpt2016 -->
		<!-- Pool properties -->
        <property name="minPoolSize" value="3" />
    	<property name="maxPoolSize" value="20" />
  	    <property name="acquireIncrement" value="1" />
 	    <property name="maxStatements" value="50" />
 	    <property name="idleConnectionTestPeriod" value="300" />
 	    <property name="loginTimeout" value="300" />
 	    <property name="maxIdleTimeExcessConnections" value="240" />
	</bean>

	<!-- gestão do jpa pelo spring: -->
	<bean id="entityManagerFactory"
		class="org.springframework.orm.jpa.LocalContainerEntityManagerFactoryBean">
		<!-- o dataSource faz referência ao sqldataSource já definido anteriormente -->
		<property name="dataSource" ref="sqldataSource" />
		<property name="jpaVendorAdapter">
			<bean class="org.springframework.orm.jpa.vendor.HibernateJpaVendorAdapter" />
		</property>
	</bean>

	 <!--gestão da transação pelo spring: -->
	<bean id="transactionManager" class="org.springframework.orm.jpa.JpaTransactionManager">
		<property name="entityManagerFactory" ref="entityManagerFactory" />
	</bean>

	<!-- Activar transações por via de notações -->
	<tx:annotation-driven />

	<!-- Queremos que o controlador não atenda requisições que não são para ações, ignorar acesso a conteúdo estático: -->

	<mvc:default-servlet-handler />
  	 
    <!-- Envio de email -->
     <bean id="mailSender" class="org.springframework.mail.javamail.JavaMailSenderImpl">
        <property name="host" value="213.58.134.165" />
        <property name="port" value="25" />
        <property name="username" value="rpt_send" /> <!-- Antiga era rpt -->
        <property name="password" value="Ipst2016" />
        <property name="javaMailProperties">
            <props>
                <prop key="mail.transport.protocol">smtp</prop>
                <prop key="mail.smtp.auth">false</prop> 				
                <prop key="mail.smtp.starttls.enable">false</prop> 
                <prop key="mail.smtp.from">rpt_send@IPST.min-saude.pt</prop>
                <prop key="mail.smtp.ssl.enable">false</prop>
                <prop key="mail.smtp.socketFactory.class">javax.net.ssl.SSLSocketFactory</prop> 
            </props>
        </property>
    </bean> 
 
<!--  		<bean id="mailSender" class="org.springframework.mail.javamail.JavaMailSenderImpl">
        <property name="host" value="smtp.gmail.com" />
        <property name="port" value="587" />
        <property name="username" value="paulo.guerra@jamhubsolutions.com" />
        <property name="password" value="guerra24" />
        <property name="javaMailProperties">
            <props>
                <prop key="mail.transport.protocol">smtp</prop>
                <prop key="mail.smtp.auth">true</prop>
                <prop key="mail.smtp.starttls.enable">true</prop>
            </props>
        </property>
    </bean> -->
    
    <!-- Upload ficheiros -->
 	<beans:bean id="multipartResolver"
        class="org.springframework.web.multipart.commons.CommonsMultipartResolver">
 
         <!-- definição do tamanho máximo do ficheiro (10MB)-->
        <beans:property name="maxUploadSize" value="10486784" />
 
    </beans:bean>
    
    <!-- Directoria para Upload de ficheiros -->
    <mvc:resources mapping="/ipstfiles/**" location="file:///E:/ipst_resources_prod/"/>
    
    <mvc:interceptors> 
		<bean class="pt.iconic.ipst.interceptor.AutorizadorInterceptor" /> 
		<bean class="pt.iconic.ipst.interceptor.DisabilitaCacheBrowser" />
	</mvc:interceptors> 

	
	
	
</beans:beans>
